timesteps,total_reward,kl_divergence,clip_fraction,entropy_loss,step_reward,cost_of_intervention,pressure_deficit,demand_satisfaction,pipe_changes,downgraded_pipes,budget_before_step,cumulative_budget,debt_penalty_applied,base_reward,simulation_success
34,,,,,-47.39262065832083,5297628.592429016,0.9125915989003834,0.2703367894039071,19,,1500000.0,-3797628.592429016,37.97628592429016,0.5836652659693279,True
68,,,,,-43.04879731916809,4858084.922371939,0.8769196936661386,0.10092041617758024,17,,1500000.0,-3358084.922371939,33.58084922371939,0.5320519045513047,True
102,,,,,-39.259169286120965,4471643.270013598,0.5892386566633017,0.19569438963422936,18,,1500000.0,-2971643.270013598,29.71643270013598,0.4572634140150119,True
136,,,,,-39.327922519837,4486550.370013597,0.8748181240238175,0.08417160180023393,18,,1500000.0,-2986550.3700135974,29.865503700135978,0.5375811802989788,True
170,,,,,-38.49136336287256,4399774.892429016,0.7849187733861266,0.09118094136857681,20,,1500000.0,-2899774.8924290156,28.997748924290157,0.5063855614175944,True
204,,,,,-11.788548364696334,2730889.070013597,0.68959826716979,0.09418794455746034,16,,1500000.0,-1230889.0700135971,12.308890700135972,0.5203423354396376,True
238,,,,,-58.63656690763118,4199191.546243298,0.9610518822092804,0.36201024607257776,16,,-730889.0700135971,-4930080.616256895,49.300806162568946,0.6642392549377654,True
272,,,,,-52.73859750511506,5828887.72237194,0.9339896758106814,0.18483131821261645,22,,1500000.0,-4328887.72237194,43.288877223719396,0.5502797186043351,True
306,,,,,-53.99200434743976,5954820.622371939,0.9238685332345835,0.23094077697509321,23,,1500000.0,-4454820.622371939,44.5482062237194,0.5562018762796399,True
340,,,,,-47.123166280955395,5267663.322371939,0.9220149022954458,0.1540479889157358,22,,1500000.0,-3767663.322371939,37.67663322371939,0.5534669427639975,True
374,,,,,-46.93171264664088,5241654.383015914,0.8007563543257719,0.0842812896528495,22,,1500000.0,-3741654.383015914,37.41654383015914,0.4848311835182623,True
408,,,,,-43.204651153775416,4877095.170013597,0.8792672037855829,0.21389597608675928,21,,1500000.0,-3377095.1700135972,33.770951700135974,0.5663005463605606,True
442,,,,,-41.092777805042005,4657370.770013598,0.6940468392407962,0.1538252748354468,20,,1500000.0,-3157370.770013598,31.57370770013598,0.48092989509397416,True
476,,,,,-34.56842501123772,4007013.9706874983,0.7359331657846848,0.10077374366790662,18,,1500000.0,-2507013.9706874983,25.070139706874986,0.501714695637262,True
510,,,,,-48.93667016978807,5445196.870687499,0.8582391470947291,0.13000351156775328,22,,1500000.0,-3945196.8706874987,39.45196870687499,0.5152985370869225,True
544,,,,,-35.15268515159197,4078739.270687498,0.8915027226643323,0.3439896524778041,17,,1500000.0,-2578739.270687498,25.787392706874982,0.6347075552830158,True
578,,,,,-60.535698595139735,6606323.522371938,0.9598271905735893,0.1540479889157358,21,,1500000.0,-5106323.522371938,51.06323522371939,0.527536628579654,True
612,,,,,-54.69620247123853,6023112.672665411,0.9516262184780248,0.12998661528599534,24,,1500000.0,-4523112.672665411,45.23112672665411,0.5349242554155789,True
646,,,,,-41.32783517453082,4694953.270687498,0.9194326312422119,0.32637837435121586,19,,1500000.0,-3194953.270687498,31.949532706874983,0.6216975323441685,True
680,,,,,-38.57894866186372,4414009.470687498,0.8683886272618148,0.16387796815974592,19,,1500000.0,-2914009.4706874983,29.140094706874986,0.5611460450112644,True
714,,,,,-47.89542891324766,5340054.522371938,0.8589635840762706,0.08434816600818977,21,,1500000.0,-3840054.5223719385,38.40054522371939,0.5051163104717297,True
748,,,,,-34.31435269604138,3990467.783015914,0.8368433280504207,0.2599034607030768,16,,1500000.0,-2490467.783015914,24.90467783015914,0.5903251341177587,True
782,,,,,-50.272078372783916,5572526.883015914,0.6873423512251451,0.16385585259257418,21,,1500000.0,-4072526.883015914,40.725268830159145,0.4531904573752263,True
816,,,,,-46.24563445699228,5180278.822371939,0.9694444524408496,0.09416471499892241,20,,1500000.0,-3680278.822371939,36.802788223719396,0.5571537667271214,True
850,,,,,-59.086645041326456,6471320.472665411,0.9844362856300418,0.4375114202398938,21,,1500000.0,-4971320.472665411,49.71320472665412,0.6265596853276668,True
884,,,,,-47.3389842127051,5285604.822371939,0.8722288674366947,0.10092041617758024,17,,1500000.0,-3785604.822371939,37.8560482237194,0.5170640110142999,True
918,,,,,-45.44332249377463,5097119.092429017,0.897419649164352,0.08407858878449362,22,,1500000.0,-3597119.0924290167,35.97119092429017,0.5278684305155428,True
952,,,,,-33.70281592357686,3915860.492429016,0.6190601413821603,0.09420018336320754,17,,1500000.0,-2415860.492429016,24.158604924290163,0.4557890007133059,True
986,,,,,-50.307883595763144,5584928.822371939,0.8773555712622668,0.20581998892398654,21,,1500000.0,-4084928.822371939,40.8492882237194,0.541404627956252,True
1020,,,,,-47.062357012265906,5259106.592429017,0.809437695834842,0.22074938987621728,21,,1500000.0,-3759106.5924290167,37.59106592429017,0.5287089120242674,True
1054,,,,,-48.07032240266135,5369507.4726654105,0.945873632581704,0.37026579191154785,19,,1500000.0,-3869507.4726654105,38.695074726654106,0.6247523239927603,True
1088,,,,,-47.11234974377676,5261776.770013598,0.7438058132426686,0.230895064319273,22,,1500000.0,-3761776.770013598,37.61776770013598,0.5054179563592157,True
1122,,,,,-60.64365365400375,6620816.468695759,0.9737624084804671,0.26019733229335423,23,,1500000.0,-5120816.468695759,51.208164686957595,0.5645110329538453,True
1156,,,,,-40.74734892209748,4629160.170013597,0.8949190743672627,0.09418794455746034,21,,1500000.0,-3129160.1700135972,31.291601700135974,0.5442527780384936,True
1190,,,,,-40.36209717300635,4593845.883015914,0.8699319848120934,0.23092345938067332,20,,1500000.0,-3093845.883015914,30.938458830159142,0.5763616571527972,True
1224,,,,,-36.59974984605746,4217646.522371938,0.8996288513243081,0.1540479889157358,19,,1500000.0,-2717646.5223719385,27.176465223719386,0.5767153776619226,True
1258,,,,,-38.44188346582932,4382757.070687499,0.48194819018139756,0.09107428238878397,19,,1500000.0,-2882757.070687499,28.82757070687499,0.3856872410456674,True
1292,,,,,-36.90899851625603,4250869.070687498,0.9092030502603431,0.2212681031143849,18,,1500000.0,-2750869.070687498,27.508690706874983,0.5996921906189572,True
1326,,,,,-44.94494376498202,5045783.522371939,0.8165345343575148,0.13675417157094874,21,,1500000.0,-3545783.5223719394,35.4578352237194,0.5128914587373801,True
1360,,,,,-53.22755638054287,5882631.070687499,0.9458619368652396,0.33607783563033844,25,,1500000.0,-4382631.070687499,43.82631070687499,0.5987543263321226,True
1394,,,,,-49.52821696117548,5505885.683015914,0.9281181053102352,0.09417351274062419,22,,1500000.0,-4005885.6830159137,40.058856830159144,0.5306398689836659,True
1428,,,,,-50.63474414340192,5622606.022371938,0.9643738657195066,0.2600188311898039,21,,1500000.0,-4122606.0223719385,41.22606022371939,0.5913160803174723,True
1462,,,,,-37.80983197836642,4329954.570687499,0.742932905556446,0.08445163887047122,19,,1500000.0,-2829954.570687499,28.29954570687499,0.48971372850857486,True
1496,,,,,-40.45877811157116,4596762.570013598,0.7770706638873325,0.12998986479236477,20,,1500000.0,-3096762.5700135976,30.96762570013598,0.5088475885648169,True
1530,,,,,-48.90858850951378,5450380.483015914,0.9878723391560615,0.2240817627478885,22,,1500000.0,-3950380.4830159144,39.50380483015915,0.595216320645374,True
1564,,,,,-48.29401007128137,5381425.4726654105,0.8872686130953162,0.10126529550443193,21,,1500000.0,-3881425.4726654105,38.814254726654106,0.5202446553727368,True
1598,,,,,-56.37496503523767,6188934.022371938,0.942129494454329,0.0911038671868476,25,,1500000.0,-4688934.022371938,46.88934022371939,0.5143751884817184,True
1632,,,,,-45.28689953384095,5071893.77266541,0.6505888659267062,0.09117343140753514,20,,1500000.0,-3571893.7726654103,35.718937726654104,0.4320381928131517,True
1666,,,,,-43.952786851174224,4948174.370013597,0.8886510426097871,0.08417160180023393,19,,1500000.0,-3448174.3700135974,34.48174370013598,0.5289568489617549,True
1700,,,,,-47.574241858598775,5311616.770013598,0.9361901514317353,0.10117069003274765,23,,1500000.0,-3811616.770013598,38.11616770013598,0.5419258415372088,True
1734,,,,,-50.189602767536186,5563264.870687498,0.7208240952089329,0.08445163887047122,21,,1500000.0,-4063264.870687498,40.63264870687498,0.4430459393387951,True
1768,,,,,-45.97947946416059,5154924.77266541,0.9467855726658612,0.16383295172117415,17,,1500000.0,-3654924.7726654103,36.54924772665411,0.5697682624935164,True
1802,,,,,-48.9246357973052,5442700.6706874985,0.8476510149827949,0.10077374366790662,20,,1500000.0,-3942700.6706874985,39.42700670687499,0.5023709095697916,True
1836,,,,,-38.96939105651638,4446917.783015913,0.7175301751450363,0.16385585259257418,20,,1500000.0,-2946917.7830159133,29.469177830159136,0.499786773642757,True
1870,,,,,-44.57083638676914,5013961.283015913,0.9094579468300729,0.19588638036996747,19,,1500000.0,-3513961.2830159133,35.13961283015914,0.5687764433899994,True
1904,,,,,-52.02529818302758,5755116.370013597,0.937555705978156,0.09115434727552126,24,,1500000.0,-4255116.370013597,42.55116370013598,0.5258655171084006,True
1938,,,,,-44.71290179773924,5027782.970013597,0.8876775884848922,0.21351141185024974,17,,1500000.0,-3527782.970013597,35.277829700135975,0.5649279023967336,True
1972,,,,,-47.88133156470182,5342629.622371939,0.919477389949428,0.13675417157094874,21,,1500000.0,-3842629.622371939,38.42629622371939,0.5449646590175726,True
2006,,,,,-31.22797527269472,3676080.283015914,0.800711222056231,0.0842812896528495,15,,1500000.0,-2176080.283015914,21.76080283015914,0.5328275574644205,True
2040,,,,,-36.25756019328233,4188468.1830159137,0.918620236955798,0.2937641025998385,15,,1500000.0,-2688468.1830159137,26.88468183015914,0.6271216368768123,True
2074,,0.012097128666937351,0.10517578125,-1.938707360625267,-52.94111336281389,5856341.970013597,0.9768810880311515,0.37053816348412527,21,,1500000.0,-4356341.970013597,43.563419700135974,0.622306337322084,True
2108,,0.012097128666937351,0.10517578125,-1.938707360625267,-45.878916341679485,5146564.472665411,0.9435626767684056,0.22380921728218708,21,,1500000.0,-3646564.4726654114,36.46564472665412,0.586728384974632,True
2142,,0.012097128666937351,0.10517578125,-1.938707360625267,-36.7625886698517,4233208.172665411,0.9008122342415152,0.12998661528599534,18,,1500000.0,-2733208.1726654107,27.33208172665411,0.5694930568024075,True
2176,,0.012097128666937351,0.10517578125,-1.938707360625267,-36.00428787713351,4167622.392429016,0.9711259577539553,0.3710067798642372,18,,1500000.0,-2667622.392429016,26.676223924290163,0.6719360471566562,True
2210,,0.012097128666937351,0.10517578125,-1.938707360625267,-43.354583592397795,4891099.022371939,0.850184916676345,0.22112422798436057,21,,1500000.0,-3391099.0223719394,33.910990223719395,0.5564066313216026,True
2244,,0.012097128666937351,0.10517578125,-1.938707360625267,-34.385839920965715,3991723.672665411,0.8214677621238473,0.08410486428807037,17,,1500000.0,-2491723.672665411,24.917236726654114,0.5313968056883996,True
2278,,0.012097128666937351,0.10517578125,-1.938707360625267,-36.5765302200891,4210777.522371938,0.8303387100785702,0.09416471499892241,18,,1500000.0,-2710777.5223719385,27.107775223719386,0.5312450036302941,True
2312,,0.012097128666937351,0.10517578125,-1.938707360625267,-52.647564207877764,5818252.1706874985,0.9651864590259938,0.09107428238878397,21,,1500000.0,-4318252.1706874985,43.18252170687499,0.5349574989972192,True
2346,,0.012097128666937351,0.10517578125,-1.938707360625267,-15.74273000077537,3119989.9223719393,0.5564493557732676,0.10092041617758024,14,,1500000.0,-1619989.9223719393,16.199899223719395,0.45716922294402407,True
2380,,0.012097128666937351,0.10517578125,-1.938707360625267,-55.82259870911492,3525451.6204109755,0.9765679152425348,0.16437086398298711,13,,-1119989.9223719393,-4645441.542782915,46.454415427829154,0.6318167187142355,True
2414,,0.012097128666937351,0.10517578125,-1.938707360625267,-36.46856235664063,4193821.992429016,0.6697167238200976,0.10130253594729073,19,,1500000.0,-2693821.992429016,26.938219924290163,0.4696575676495255,True
2448,,0.012097128666937351,0.10517578125,-1.938707360625267,-42.56632558984441,4810738.472665411,0.7983395992895046,0.23087778440165188,18,,1500000.0,-3310738.4726654114,33.10738472665412,0.5410591368097094,True
2482,,0.012097128666937351,0.10517578125,-1.938707360625267,-62.522122463945806,6813018.822371939,0.9698988676377712,0.4301799118484128,21,,1500000.0,-5313018.822371939,53.130188223719394,0.6080657597735893,True
2516,,0.012097128666937351,0.10517578125,-1.938707360625267,-39.875895320401234,4542591.470687498,0.8262007117052544,0.19618455362561488,20,,1500000.0,-3042591.4706874983,30.425914706874988,0.5500193864737533,True
2550,,0.012097128666937351,0.10517578125,-1.938707360625267,-45.27996240842668,5079379.383015914,0.8533957954211537,0.09417351274062419,22,,1500000.0,-3579379.383015914,35.79379383015914,0.5138314217324634,True
2584,,0.012097128666937351,0.10517578125,-1.938707360625267,-61.52267619172042,6719595.192429016,0.9758312584786651,0.6300859423140731,24,,1500000.0,-5219595.192429016,52.19595192429017,0.6732757325697505,True
2618,,0.012097128666937351,0.10517578125,-1.938707360625267,-30.85663630024803,3633085.283015914,0.6457558579042811,0.09112298628563435,17,,1500000.0,-2133085.283015914,21.330852830159138,0.47421652991110674,True
2652,,0.012097128666937351,0.10517578125,-1.938707360625267,-51.189587139562086,5680982.370013597,0.9787382145361646,0.3432357874558859,21,,1500000.0,-4180982.3700135974,41.80982370013598,0.6202365605738914,True
2686,,0.012097128666937351,0.10517578125,-1.938707360625267,-43.523164573598926,4904237.870687498,0.8011457571695975,0.16387796815974592,17,,1500000.0,-3404237.870687498,34.04237870687498,0.5192141332760507,True
2720,,0.012097128666937351,0.10517578125,-1.938707360625267,-46.449714649882424,5195800.092429016,0.8162735278737048,0.13708768728300239,21,,1500000.0,-3695800.092429016,36.95800092429016,0.5082862744077392,True
2754,,0.012097128666937351,0.10517578125,-1.938707360625267,-17.875088104950862,3343812.9830159135,0.8507709645191017,0.0842812896528495,16,,1500000.0,-1843812.9830159135,18.438129830159138,0.5630417252082748,True
2788,,0.012097128666937351,0.10517578125,-1.938707360625267,-68.00384333431231,4526069.418254024,0.9948848519095321,0.4527876098811349,15,,-1343812.9830159135,-5869882.401269938,58.69882401269938,0.6949806783870747,True
2822,,0.012097128666937351,0.10517578125,-1.938707360625267,-40.343078426831,4593371.883015914,0.9055925076105067,0.23092345938067332,19,,1500000.0,-3093371.883015914,30.93371883015914,0.59064040332814,True
2856,,0.012097128666937351,0.10517578125,-1.938707360625267,-45.3187792250259,5099673.622371939,0.9771702549989768,0.4783008433486665,18,,1500000.0,-3599673.622371939,35.996736223719395,0.6779569986934981,True
2890,,0.012097128666937351,0.10517578125,-1.938707360625267,-36.23570591714115,4176748.783015914,0.8313532119398342,0.09112298628563435,16,,1500000.0,-2676748.783015914,26.76748783015914,0.5317819130179883,True
2924,,0.012097128666937351,0.10517578125,-1.938707360625267,-34.48413312434053,3992598.4726654114,0.5923704012229278,0.09117343140753514,17,,1500000.0,-2492598.4726654114,24.925984726654118,0.4418516023135912,True
2958,,0.012097128666937351,0.10517578125,-1.938707360625267,-34.09219245207987,3967705.0700135976,0.8559364804254528,0.21389597608675928,19,,1500000.0,-2467705.0700135976,24.67705070013598,0.584858248056112,True
2992,,0.012097128666937351,0.10517578125,-1.938707360625267,-52.42449890197553,5795145.770013598,0.9358457953745691,0.10117069003274765,21,,1500000.0,-4295145.770013598,42.95145770013598,0.5269587981604519,True
3026,,0.012097128666937351,0.10517578125,-1.938707360625267,-33.35986346972234,3875335.383015914,0.4602263962563852,0.09417351274062419,17,,1500000.0,-2375335.383015914,23.753353830159142,0.39349036043680036,True
3060,,0.012097128666937351,0.10517578125,-1.938707360625267,-36.79760165199755,4240535.122371939,0.8994911249600728,0.2600188311898039,18,,1500000.0,-2740535.122371939,27.405351223719393,0.6077495717218355,True
3094,,0.012097128666937351,0.10517578125,-1.938707360625267,-46.24184117468063,5173077.1706874985,0.7983444166428938,0.09415110014959387,18,,1500000.0,-3673077.1706874985,36.73077170687499,0.4889305321943581,True
3128,,0.012097128666937351,0.10517578125,-1.938707360625267,-38.8775554039247,4436093.970687498,0.7279726911880159,0.09415110014959387,19,,1500000.0,-2936093.9706874983,29.360939706874987,0.48338430295028145,True
3162,,0.012097128666937351,0.10517578125,-1.938707360625267,-35.86912864364844,4136774.4706874983,0.7431025955173978,0.09415110014959387,18,,1500000.0,-2636774.4706874983,26.367744706874987,0.4986160632265521,True
3196,,0.012097128666937351,0.10517578125,-1.938707360625267,-37.33915395221241,4279634.670013597,0.6579823525114747,0.08417160180023393,17,,1500000.0,-2779634.6700135972,27.796346700135974,0.45719274792356435,True
3230,,0.012097128666937351,0.10517578125,-1.938707360625267,-51.15207991421551,5669986.870013597,0.9567101702659995,0.12998986479236477,20,,1500000.0,-4169986.8700135974,41.69986870013598,0.5477887859204665,True
3264,,0.012097128666937351,0.10517578125,-1.938707360625267,-39.42781326209413,4500375.392429016,0.8746702185979599,0.2136470372921341,20,,1500000.0,-3000375.3924290156,30.00375392429016,0.5759406621960255,True
3298,,0.012097128666937351,0.10517578125,-1.938707360625267,-34.35888718359487,3994070.5700135976,0.8376093374536263,0.230895064319273,15,,1500000.0,-2494070.5700135976,24.94070570013598,0.5818185165411134,True
3332,,0.012097128666937351,0.10517578125,-1.938707360625267,-46.94459144561753,5255471.122371939,0.9135779492199279,0.3528936397923311,22,,1500000.0,-3755471.122371939,37.554711223719394,0.6101197781018592,True
3366,,0.012097128666937351,0.10517578125,-1.938707360625267,-42.966672373121526,4852560.092429016,0.8538159647828274,0.22074938987621728,19,,1500000.0,-3352560.092429016,33.52560092429016,0.5589285511686375,True
3400,,0.012097128666937351,0.10517578125,-1.938707360625267,-40.568442677520274,4616866.922371939,0.8813670719089718,0.2975797520705645,17,,1500000.0,-3116866.922371939,31.16866922371939,0.600226546199119,True
3434,,0.012097128666937351,0.10517578125,-1.938707360625267,-42.622128003966544,4811939.122371939,0.7013237969288325,0.21436852680570276,18,,1500000.0,-3311939.122371939,33.11939122371939,0.49726321975284793,True
3468,,0.012097128666937351,0.10517578125,-1.938707360625267,-38.82218721393334,4432420.483015914,0.7691262236076242,0.10101520937340903,19,,1500000.0,-2932420.4830159144,29.324204830159147,0.5020176162258065,True
3502,,0.012097128666937351,0.10517578125,-1.938707360625267,-44.133044033313695,4964773.583015914,0.8416283777651148,0.10101520937340903,19,,1500000.0,-3464773.583015914,34.64773583015914,0.5146917968454485,True
3536,,0.012097128666937351,0.10517578125,-1.938707360625267,-38.444470808889186,4393935.722371939,0.7608477989622273,0.08434816600818977,18,,1500000.0,-2893935.7223719386,28.939357223719387,0.4948864148302023,True
3570,,0.012097128666937351,0.10517578125,-1.938707360625267,-54.72679860409317,6023966.872665411,0.8965563797689893,0.12998661528599534,24,,1500000.0,-4523966.872665411,45.23966872665411,0.5128701225609437,True
3604,,0.012097128666937351,0.10517578125,-1.938707360625267,-59.09215235451639,6464706.270013598,0.9725174040091357,0.21389597608675928,22,,1500000.0,-4964706.270013598,49.64706270013598,0.5549103456195932,True
3638,,0.012097128666937351,0.10517578125,-1.938707360625267,-45.25918218655455,5073635.970687498,0.7294812162630497,0.13662615508606604,20,,1500000.0,-3573635.9706874983,35.736359706874985,0.47717752032043886,True
3672,,0.012097128666937351,0.10517578125,-1.938707360625267,-40.11387014327943,4572314.692429016,0.9037130456040652,0.2933979932499909,19,,1500000.0,-3072314.6924290163,30.723146924290166,0.6092767810107358,True
3706,,0.012097128666937351,0.10517578125,-1.938707360625267,-50.20085483343861,5578054.970013597,0.9612601047689572,0.2208787215620466,24,,1500000.0,-4078054.970013597,40.78054970013597,0.579694866697362,True
3740,,0.012097128666937351,0.10517578125,-1.938707360625267,-42.850195380994215,4835399.622371939,0.8169818940023483,0.08434816600818977,17,,1500000.0,-3335399.622371939,33.35399622371939,0.5038008427251736,True
3774,,0.012097128666937351,0.10517578125,-1.938707360625267,-44.423576551994394,4995845.470013597,0.8159549927199806,0.20571073239145576,19,,1500000.0,-3495845.470013597,34.958454700135974,0.5348781481415819,True
3808,,0.012097128666937351,0.10517578125,-1.938707360625267,-30.676687073395634,3623942.3223719397,0.8117977413861387,0.16386453790646846,17,,1500000.0,-2123942.3223719397,21.2394232237194,0.5627361503237637,True
3842,,0.012097128666937351,0.10517578125,-1.938707360625267,-47.8621869358502,5339558.872665411,0.8273109770627619,0.22078592030475508,20,,1500000.0,-3839558.872665411,38.39558872665411,0.5334017908039158,True
3876,,0.012097128666937351,0.10517578125,-1.938707360625267,-50.407171163104124,5594579.370013597,0.8868235933834837,0.1849089215799077,20,,1500000.0,-4094579.3700135974,40.94579370013598,0.5386225370318525,True
3910,,0.012097128666937351,0.10517578125,-1.938707360625267,-34.73442815886547,4021407.8706874982,0.6941179878601004,0.08445163887047122,18,,1500000.0,-2521407.8706874982,25.214078706874986,0.4796505480095138,True
3944,,0.012097128666937351,0.10517578125,-1.938707360625267,-43.351132348476455,4893004.470013597,0.8776528214846742,0.25971423907889013,18,,1500000.0,-3393004.470013597,33.93004470013597,0.5789123516595197,True
3978,,0.012097128666937351,0.10517578125,-1.938707360625267,-37.35859623013158,4289830.322371939,0.7674019812301967,0.21436852680570276,20,,1500000.0,-2789830.322371939,27.898303223719395,0.539706993587816,True
4012,,0.012097128666937351,0.10517578125,-1.938707360625267,-43.648338816255254,4920486.483015914,0.8528063092311728,0.22103123629289867,18,,1500000.0,-3420486.4830159144,34.204864830159146,0.5565260139038908,True
4046,,0.012097128666937351,0.10517578125,-1.938707360625267,-45.464891337121394,5105185.470013597,0.9409001829768456,0.22391231884398569,19,,1500000.0,-3605185.470013597,36.051854700135976,0.5869633630145841,True
4080,,0.012097128666937351,0.10517578125,-1.938707360625267,-42.63822550196394,4822310.77266541,0.8694277490656754,0.2833535765214973,20,,1500000.0,-3322310.7726654103,33.223107726654106,0.5848822246901682,True
4114,,0.011236459016799927,0.058642578125,-1.9231773231178522,-37.396792644228945,4287881.472665411,0.6340995551847011,0.19962283862220234,20,,1500000.0,-2787881.4726654114,27.878814726654117,0.48202208242517103,True
4148,,0.011236459016799927,0.058642578125,-1.9231773231178522,-50.412584813323335,5599495.370013597,0.974826097695808,0.21389597608675928,20,,1500000.0,-4099495.3700135974,40.99495370013598,0.5823688868126458,True
4182,,0.011236459016799927,0.058642578125,-1.9231773231178522,-47.057774173771364,5263143.983015914,0.9270590046804913,0.2141895396601138,19,,1500000.0,-3763143.9830159144,37.631439830159145,0.5736656563877803,True
4216,,0.011236459016799927,0.058642578125,-1.9231773231178522,-44.30809134085733,4985343.992429016,0.8803279636540895,0.15370795016363648,21,,1500000.0,-3485343.992429016,34.853439924290164,0.5453485834328332,True
4250,,0.011236459016799927,0.058642578125,-1.9231773231178522,-38.879784429950135,4440172.72237194,0.8269670647040934,0.0911038671868476,18,,1500000.0,-2940172.7223719396,29.401727223719398,0.5219427937692671,True
4284,,0.011236459016799927,0.058642578125,-1.9231773231178522,-49.936545721691836,5547134.392429016,0.9492477583465485,0.08407858878449362,20,,1500000.0,-4047134.3924290156,40.47134392429016,0.5347982025983274,True
4318,,0.011236459016799927,0.058642578125,-1.9231773231178522,-50.68871639800635,5629315.383015914,0.9573479619151193,0.3138104226427265,20,,1500000.0,-4129315.383015914,41.29315383015914,0.6044374321527932,True
4352,,0.011236459016799927,0.058642578125,-1.9231773231178522,-37.92526152979549,4347232.572665411,0.8825924784728173,0.09117343140753514,18,,1500000.0,-2847232.572665411,28.472325726654113,0.5470641968586196,True
4386,,0.011236459016799927,0.058642578125,-1.9231773231178522,-34.72659574375429,4028843.9700135975,0.8030884077609837,0.21389597608675928,16,,1500000.0,-2528843.9700135975,25.288439700135978,0.561843956381691,True
4420,,0.011236459016799927,0.058642578125,-1.9231773231178522,-41.56569519178863,4711362.870687498,0.8785949133262141,0.13662615508606604,19,,1500000.0,-3211362.870687498,32.113628706874984,0.5479335150863566,True
4454,,0.011236459016799927,0.058642578125,-1.9231773231178522,-17.668254348255818,3314441.770687498,0.5473956542504934,0.19618455362561488,15,,1500000.0,-1814441.7706874982,18.144417706874982,0.4761633586191629,True
4488,,0.011236459016799927,0.058642578125,-1.9231773231178522,-57.68460681409809,3517623.925813186,0.9583510661431291,0.2019712198537519,11,,-1314441.7706874982,-4832065.696500684,48.32065696500685,0.6360501509087604,True
4522,,0.011236459016799927,0.058642578125,-1.9231773231178522,-37.933117023879674,4354476.683015914,0.8686460075474034,0.32579463037723183,17,,1500000.0,-2854476.6830159137,28.54476683015914,0.6116498062794622,True
4556,,0.011236459016799927,0.058642578125,-1.9231773231178522,-53.77097899840696,5929993.570687499,0.9637189287135176,0.08445163887047122,22,,1500000.0,-4429993.570687499,44.29993570687499,0.5289567084680276,True
4590,,0.011236459016799927,0.058642578125,-1.9231773231178522,-42.642049022291744,4816987.385899494,0.8758323405123388,0.08407858878449362,18,,1500000.0,-3316987.3858994944,33.16987385899495,0.5278248367031999,True
4624,,0.011236459016799927,0.058642578125,-1.9231773231178522,-39.09349281500456,4454563.022371938,0.6586237144615208,0.08434816600818977,17,,1500000.0,-2954563.0223719385,29.545630223719385,0.45213740871482533,True
4658,,0.011236459016799927,0.058642578125,-1.9231773231178522,-33.980416406642334,3939341.472665411,0.5085849639010285,0.10126529550443193,18,,1500000.0,-2439341.472665411,24.39341472665411,0.4129983200117728,True
4692,,0.011236459016799927,0.058642578125,-1.9231773231178522,-37.88458908083872,4347532.622371939,0.9058129223645818,0.20581998892398654,17,,1500000.0,-2847532.622371939,28.475326223719392,0.5907371428806687,True
4726,,0.011236459016799927,0.058642578125,-1.9231773231178522,-38.16561702264042,4371501.783015913,0.8880447013609939,0.09417351274062419,19,,1500000.0,-2871501.7830159133,28.715017830159134,0.5494008075187171,True
4760,,0.011236459016799927,0.058642578125,-1.9231773231178522,-44.50334583722906,5001172.283015913,0.8411825774897399,0.0842812896528495,20,,1500000.0,-3501172.2830159133,35.01172283015914,0.508376992930076,True
4794,,0.011236459016799927,0.058642578125,-1.9231773231178522,-45.924612457809225,5156738.572665411,0.9740080130348798,0.3710718098793552,21,,1500000.0,-3656738.572665411,36.567385726654116,0.6427732688448908,True
4828,,0.011236459016799927,0.058642578125,-1.9231773231178522,-56.024212965525265,6160635.992429016,0.9546063020897738,0.29748110306741843,21,,1500000.0,-4660635.992429016,46.60635992429017,0.5821469587648989,True
4862,,0.011236459016799927,0.058642578125,-1.9231773231178522,-19.506533809162377,3495896.392429016,0.5807277726168807,0.09118094136857681,15,,1500000.0,-1995896.392429016,19.958963924290163,0.4524301151277853,True
4896,,0.011236459016799927,0.058642578125,-1.9231773231178522,-63.64574188730182,3930996.5128215393,0.9907965868945334,0.1580928210044349,13,,-1495896.392429016,-5426892.905250555,54.268929052505555,0.6231871652037392,True
4930,,0.011236459016799927,0.058642578125,-1.9231773231178522,-49.93414945773474,5550632.070013597,0.940348468810142,0.2208787215620466,19,,1500000.0,-4050632.0700135967,40.50632070013597,0.5721712424012318,True
4964,,0.011236459016799927,0.058642578125,-1.9231773231178522,-34.615547909922284,4009734.1223719395,0.6862282621559255,0.10092041617758024,16,,1500000.0,-2509734.1223719395,25.097341223719397,0.4817933137971144,True
4998,,0.011236459016799927,0.058642578125,-1.9231773231178522,-38.21902789321928,4381420.270687498,0.8737553561896977,0.266819975811667,17,,1500000.0,-2881420.270687498,28.814202706874983,0.5951748136557047,True
5032,,0.011236459016799927,0.058642578125,-1.9231773231178522,-17.917561616416613,3351932.292429016,0.8167380737512362,0.2595537832065597,13,,1500000.0,-1851932.292429016,18.51932292429016,0.6017613078735478,True
5066,,0.011236459016799927,0.058642578125,-1.9231773231178522,-59.23445893792603,3643142.312821539,0.9788830832952969,0.4548834237790976,14,,-1351932.292429016,-4995074.605250555,49.95074605250556,0.7162871145795289,True
5100,,0.011236459016799927,0.058642578125,-1.9231773231178522,-40.69181104491794,4619910.370013597,0.8040847623757634,0.09115434727552126,20,,1500000.0,-3119910.3700135974,31.199103700135975,0.5072926552180352,True
5134,,0.011236459016799927,0.058642578125,-1.9231773231178522,-45.40203388572835,5098647.670013597,0.9043574540626793,0.2635657716634467,15,,1500000.0,-3598647.6700135972,35.986476700135974,0.5844428144076205,True
5168,,0.011236459016799927,0.058642578125,-1.9231773231178522,-36.24810134865603,4174558.070687498,0.7431577862230221,0.09415110014959387,16,,1500000.0,-2674558.070687498,26.745580706874982,0.49747935821895384,True
5202,,0.011236459016799927,0.058642578125,-1.9231773231178522,-31.010267782766192,3649121.583015914,0.6166837081753855,0.15396362950479947,18,,1500000.0,-2149121.583015914,21.491215830159142,0.4809480473929486,True
5236,,0.011236459016799927,0.058642578125,-1.9231773231178522,-19.23966217148246,3468828.592429016,0.5744632825237704,0.08407858878449362,16,,1500000.0,-1968828.5924290158,19.68828592429016,0.4486237528076988,True
5270,,0.011236459016799927,0.058642578125,-1.9231773231178522,-52.989694011001625,2889415.312821539,0.887734404317602,0.08755484029147642,9,,-1468828.5924290158,-4358243.905250555,43.58243905250555,0.5927450415039228,True
5304,,0.011236459016799927,0.058642578125,-1.9231773231178522,-38.692709357373275,4428886.570013597,0.919541536653956,0.21389597608675928,17,,1500000.0,-2928886.5700135967,29.28886570013597,0.5961563427626926,True
5338,,0.011236459016799927,0.058642578125,-1.9231773231178522,-35.34422018522017,4089186.5700135976,0.8351484899825352,0.12998986479236477,16,,1500000.0,-2589186.5700135976,25.891865700135977,0.5476455149158047,True
5372,,0.011236459016799927,0.058642578125,-1.9231773231178522,-39.10903954595038,4474077.872665411,0.9598703425560284,0.2833535765214973,17,,1500000.0,-2974077.872665411,29.74077872665411,0.6317391807037289,True
5406,,0.011236459016799927,0.058642578125,-1.9231773231178522,-33.517071945695356,3915372.9700135975,0.9389334211748639,0.27054851713873396,18,,1500000.0,-2415372.9700135975,24.153729700135976,0.6366577544406182,True
5440,,0.011236459016799927,0.058642578125,-1.9231773231178522,-43.602732932652245,4904356.783015913,0.6574851107351412,0.09417351274062419,17,,1500000.0,-3404356.7830159133,34.043567830159134,0.4408348975068885,True
5474,,0.011236459016799927,0.058642578125,-1.9231773231178522,-36.49086825308575,4207919.622371939,0.8826741471422785,0.21436852680570276,16,,1500000.0,-2707919.622371939,27.079196223719393,0.5883279706336456,True
5508,,0.011236459016799927,0.058642578125,-1.9231773231178522,-43.084010923706984,4870894.872665411,0.9047063787826325,0.3748007334668859,20,,1500000.0,-3370894.872665411,33.708948726654114,0.6249378029471298,True
5542,,0.011236459016799927,0.058642578125,-1.9231773231178522,-42.29714612543725,4780138.492429016,0.8087151944174304,0.09118094136857681,21,,1500000.0,-3280138.492429016,32.80138492429016,0.5042387988529116,True
5576,,0.011236459016799927,0.058642578125,-1.9231773231178522,-17.724412417768313,3325465.5460770736,0.7622127453542255,0.09115434727552126,15,,1500000.0,-1825465.5460770736,18.25465546077074,0.5302430430024234,True
5610,,0.011236459016799927,0.058642578125,-1.9231773231178522,-63.581799093153,4099984.2462432985,0.9941579592467835,0.3359254656128534,15,,-1325465.5460770736,-5425449.792320373,54.25449792320373,0.6726988300507298,True
5644,,0.011236459016799927,0.058642578125,-1.9231773231178522,-34.29824409492491,3985180.672665411,0.7716023960128563,0.22380921728218708,16,,1500000.0,-2485180.672665411,24.851806726654114,0.5535626317292085,True
5678,,0.011236459016799927,0.058642578125,-1.9231773231178522,-35.4362417929255,4099563.770687498,0.8921991946260506,0.09415110014959387,19,,1500000.0,-2599563.770687498,25.995637706874984,0.5593959139494802,True
5712,,0.011236459016799927,0.058642578125,-1.9231773231178522,-35.78915830873642,4140162.8706874982,0.9376274594285452,0.21464545959607217,17,,1500000.0,-2640162.8706874982,26.401628706874984,0.6124703981385605,True
5746,,0.011236459016799927,0.058642578125,-1.9231773231178522,-33.84921023066171,3946285.5700135976,0.8866614965379638,0.2666969845541774,17,,1500000.0,-2446285.5700135976,24.46285570013598,0.613645469474271,True
5780,,0.011236459016799927,0.058642578125,-1.9231773231178522,-50.65792878166438,5622736.972665411,0.9446274839481218,0.21344362413542498,20,,1500000.0,-4122736.9726654114,41.22736972665412,0.5694409449897399,True
5814,,0.011236459016799927,0.058642578125,-1.9231773231178522,-41.65096045938792,4713456.072665411,0.6706747752282851,0.19962283862220234,19,,1500000.0,-3213456.072665411,32.134560726654115,0.4836002672661936,True
5848,,0.011236459016799927,0.058642578125,-1.9231773231178522,-34.131462100209696,3967241.3726654113,0.8381762758888152,0.09117343140753514,17,,1500000.0,-2467241.3726654113,24.672413726654117,0.540951626444422,True
5882,,0.011236459016799927,0.058642578125,-1.9231773231178522,-44.72926672212055,5023225.872665411,0.7323339769770838,0.2137173531852903,20,,1500000.0,-3523225.872665411,35.23225872665411,0.5029920045335577,True
5916,,0.011236459016799927,0.058642578125,-1.9231773231178522,-37.938618192609695,4350591.27266541,0.8362164738174348,0.22078592030475508,16,,1500000.0,-2850591.2726654103,28.505912726654106,0.5672945340444104,True
5950,,0.011236459016799927,0.058642578125,-1.9231773231178522,-36.52746751411529,4203452.992429016,0.7639672604317693,0.10130253594729073,18,,1500000.0,-2703452.992429016,27.034529924290165,0.5070624101748813,True
5984,,0.011236459016799927,0.058642578125,-1.9231773231178522,-33.40727152324507,3901421.6706874985,0.8459398537487725,0.2940717888853469,17,,1500000.0,-2401421.6706874985,24.014216706874986,0.6069451836299169,True
6018,,0.011236459016799927,0.058642578125,-1.9231773231178522,-12.708074206438589,2818194.3924290156,0.5801014207155057,0.09420018336320754,12,,1500000.0,-1318194.3924290156,13.181943924290158,0.4738697178515696,True
6052,,0.011236459016799927,0.058642578125,-1.9231773231178522,-44.463653859293366,2696293.812821539,0.9586642074677233,0.26818286566331134,13,,-818194.3924290156,-3514488.2052505547,35.14488205250555,0.6812281932121815,True
6086,,0.011236459016799927,0.058642578125,-1.9231773231178522,-29.732779842364625,3533512.4700135975,0.7827203938415703,0.3254187639207547,16,,1500000.0,-2033512.4700135975,20.335124700135978,0.6023448577713515,True
6120,,0.011236459016799927,0.058642578125,-1.9231773231178522,-41.974234193138635,4744471.670013597,0.7193345879697943,0.09418794455746034,21,,1500000.0,-3244471.6700135972,32.44471670013598,0.47048250699734173,True
6154,,0.010598544031381607,0.0888671875,-1.9214219737797975,-57.09239864742772,6267853.670013597,0.9855284848476482,0.28051605174725114,23,,1500000.0,-4767853.670013597,47.67853670013598,0.5861380527082569,True
6188,,0.010598544031381607,0.0888671875,-1.9214219737797975,-32.67441767937022,3822755.8223719397,0.862689481405085,0.08434816600818977,17,,1500000.0,-2322755.8223719397,23.2275582237194,0.553140544349173,True
6222,,0.010598544031381607,0.0888671875,-1.9214219737797975,-33.10900569068848,3863034.6706874985,0.7812343477587997,0.09107428238878397,16,,1500000.0,-2363034.6706874985,23.630346706874988,0.5213410161865087,True
6256,,0.010598544031381607,0.0888671875,-1.9214219737797975,-54.6776046822845,6027033.692429016,0.97615268764604,0.2903787504833352,21,,1500000.0,-4527033.692429016,45.27033692429017,0.5927322420056668,True
6290,,0.010598544031381607,0.0888671875,-1.9214219737797975,-48.09276188440726,5362770.72237194,0.9010401297868812,0.12999847039229093,20,,1500000.0,-3862770.7223719396,38.6277072237194,0.5349453393121378,True
6324,,0.010598544031381607,0.0888671875,-1.9214219737797975,-34.4833908804017,4004185.1700135977,0.8034292493617801,0.19964353782757763,17,,1500000.0,-2504185.1700135977,25.04185170013598,0.5584608197342743,True
6358,,0.010598544031381607,0.0888671875,-1.9214219737797975,-48.78680524166746,5435222.883015914,0.9416441304170029,0.1848607111050524,20,,1500000.0,-3935222.883015914,39.35222883015914,0.5654235884916805,True
6392,,0.010598544031381607,0.0888671875,-1.9214219737797975,-42.60552122279717,4810858.492429016,0.8134595865244549,0.08407858878449362,18,,1500000.0,-3310858.492429016,33.10858492429016,0.5030637014929926,True
6426,,0.010598544031381607,0.0888671875,-1.9214219737797975,-46.094278301333055,5162997.970013597,0.9167463651006356,0.09115434727552126,19,,1500000.0,-3662997.970013597,36.629979700135976,0.5357013988029203,True
6460,,0.010598544031381607,0.0888671875,-1.9214219737797975,-34.51305063092123,3997644.9830159135,0.6517954111118985,0.0842812896528495,15,,1500000.0,-2497644.9830159135,24.976449830159137,0.46339919923790934,True
6494,,0.010598544031381607,0.0888671875,-1.9214219737797975,-37.78070031943161,4327390.492429016,0.7441520767428922,0.09420018336320754,16,,1500000.0,-2827390.492429016,28.273904924290164,0.4932046048585534,True
6528,,0.010598544031381607,0.0888671875,-1.9214219737797975,-34.251049213047295,3978518.9223719393,0.8147016650931678,0.10092041617758024,17,,1500000.0,-2478518.9223719393,24.785189223719396,0.5341400106721024,True
6562,,0.010598544031381607,0.0888671875,-1.9214219737797975,-40.76838914851705,4630136.892429016,0.8614754828116317,0.10130253594729073,18,,1500000.0,-3130136.8924290156,31.30136892429016,0.5329797757731082,True
6596,,0.010598544031381607,0.0888671875,-1.9214219737797975,-38.53596916267426,4404221.27266541,0.7773414494965355,0.10126529550443193,19,,1500000.0,-2904221.2726654103,29.042212726654107,0.5062435639798483,True
6630,,0.010598544031381607,0.0888671875,-1.9214219737797975,-39.1102062208199,4459126.72237194,0.7239201972736845,0.09416471499892241,21,,1500000.0,-2959126.7223719396,29.5912672237194,0.48106100289949977,True
6664,,0.010598544031381607,0.0888671875,-1.9214219737797975,-14.0383331609339,2949500.092429016,0.5494284675012984,0.09118094136857681,15,,1500000.0,-1449500.0924290158,14.495000924290158,0.45666776335625736,True
6698,,0.010598544031381607,0.0888671875,-1.9214219737797975,-53.156292068153455,3429269.5128215393,0.9409202136347586,0.20069267503736185,12,,-949500.0924290158,-4378769.605250555,43.78769605250555,0.6314039843520978,True
6732,,0.010598544031381607,0.0888671875,-1.9214219737797975,-49.8828126663131,5547376.370013597,0.9668599657136268,0.2477965346728872,24,,1500000.0,-4047376.3700135974,40.473763700135976,0.5909510338228737,True
6766,,0.010598544031381607,0.0888671875,-1.9214219737797975,-43.94917414723012,4956823.672665411,0.9457998895894831,0.309209778768671,21,,1500000.0,-3456823.6726654107,34.568236726654106,0.6190625794239917,True
6800,,0.010598544031381607,0.0888671875,-1.9214219737797975,-19.005736205553443,3446349.1830159137,0.5902861202803154,0.09112298628563435,14,,1500000.0,-1946349.1830159137,19.46349183015914,0.45775562460569574,True
6834,,0.010598544031381607,0.0888671875,-1.9214219737797975,-50.137157367365525,2623313.3182540247,0.7780439434435317,0.0956806242306922,10,,-1446349.1830159137,-4069662.5012699384,40.696625012699386,0.5594676453338617,True
6868,,0.010598544031381607,0.0888671875,-1.9214219737797975,-18.113005330246594,3366166.9700135975,0.7643835363176112,0.1538252748354468,17,,1500000.0,-1866166.9700135975,18.661669700135977,0.5486643698893823,True
6902,,0.010598544031381607,0.0888671875,-1.9214219737797975,-50.79101077569991,2776306.5462432983,0.9289070299825348,0.15769277852851002,9,,-1366166.9700135975,-4142473.516256896,41.424735162568965,0.6337243868690521,True
6936,,0.010598544031381607,0.0888671875,-1.9214219737797975,-42.564526093970606,4804956.092429017,0.7679348583891717,0.08407858878449362,21,,1500000.0,-3304956.0924290167,33.04956092429017,0.4850348303195596,True
6970,,0.010598544031381607,0.0888671875,-1.9214219737797975,-40.35153339854162,4593014.72237194,0.9257928784184177,0.16386453790646846,20,,1500000.0,-3093014.7223719396,30.9301472237194,0.5786138251777784,True
7004,,0.010598544031381607,0.0888671875,-1.9214219737797975,-51.12646842020924,5667087.472665411,0.922649344084272,0.16383295172117415,21,,1500000.0,-4167087.4726654114,41.67087472665412,0.5444063064448785,True
7038,,0.010598544031381607,0.0888671875,-1.9214219737797975,-45.75755592901097,5129202.4726654105,0.8766480511634005,0.13705518240546014,19,,1500000.0,-3629202.4726654105,36.292024726654105,0.5344687976431376,True
7072,,0.010598544031381607,0.0888671875,-1.9214219737797975,-49.54506008549433,5508853.122371939,0.8578483617034531,0.23094077697509321,22,,1500000.0,-4008853.122371939,40.08853122371939,0.543471138225069,True
7106,,0.010598544031381607,0.0888671875,-1.9214219737797975,-44.66539390186719,5027856.070687499,0.9224543124135162,0.32794624590659893,19,,1500000.0,-3527856.070687499,35.27856070687499,0.6131668050078011,True
7140,,0.010598544031381607,0.0888671875,-1.9214219737797975,-34.847454330988384,4032217.5924290163,0.6829041777387017,0.08407858878449362,17,,1500000.0,-2532217.5924290163,25.322175924290164,0.47472159330177727,True
7174,,0.010598544031381607,0.0888671875,-1.9214219737797975,-35.9179657595882,4148487.0223719394,0.8697989538388968,0.1540479889157358,19,,1500000.0,-2648487.0223719394,26.484870223719398,0.5669044641312005,True
7208,,0.010598544031381607,0.0888671875,-1.9214219737797975,-37.75346894472898,4327800.992429016,0.8301156833860978,0.08407858878449362,16,,1500000.0,-2827800.992429016,28.278009924290163,0.5245409795611834,True
7242,,0.010598544031381607,0.0888671875,-1.9214219737797975,-42.764376614748834,4832325.122371939,0.9470681690763928,0.09416471499892241,17,,1500000.0,-3332325.122371939,33.323251223719396,0.5588746089705641,True
7276,,0.010598544031381607,0.0888671875,-1.9214219737797975,-32.905563405839615,3851368.3706874982,0.8996427129902417,0.2212681031143849,15,,1500000.0,-2351368.3706874982,23.513683706874986,0.6081203010353738,True
7310,,0.010598544031381607,0.0888671875,-1.9214219737797975,-49.4698145949482,5503342.483015914,0.958087273158465,0.16385585259257418,23,,1500000.0,-4003342.4830159144,40.03342483015915,0.5636102352109525,True
7344,,0.010598544031381607,0.0888671875,-1.9214219737797975,-32.168572970832074,3776972.4700135975,0.8745340304587848,0.22391231884398569,16,,1500000.0,-2276972.4700135975,22.769724700135978,0.6011517293039015,True
7378,,0.010598544031381607,0.0888671875,-1.9214219737797975,-33.60665718585729,3913649.4830159135,0.8063201284840517,0.09112298628563435,17,,1500000.0,-2413649.4830159135,24.136494830159137,0.5298376443018522,True
7412,,0.010598544031381607,0.0888671875,-1.9214219737797975,-16.571364048996895,3211441.892429016,0.7854799106712644,0.09118094136857681,16,,1500000.0,-1711441.892429016,17.114418924290163,0.5430548752932693,True
7446,,0.010598544031381607,0.0888671875,-1.9214219737797975,-65.66535440932873,4416891.512821539,0.97774890532147,0.20780419738085995,16,,-1211441.892429016,-5628333.405250555,56.28333405250555,0.6179796431768294,True
7480,,0.010598544031381607,0.0888671875,-1.9214219737797975,-38.00241089716802,4357095.522371938,0.8446526870768483,0.21436852680570276,15,,1500000.0,-2857095.5223719385,28.570955223719388,0.5685443265513721,True
7514,,0.010598544031381607,0.0888671875,-1.9214219737797975,-14.915405494708116,3043103.3706874982,0.649483604455761,0.16387796815974592,14,,1500000.0,-1543103.3706874982,15.431033706874985,0.5156282121668692,True
7548,,0.010598544031381607,0.0888671875,-1.9214219737797975,-56.71693809043458,3717190.225813186,1.0,0.9999999804294817,9,,-1043103.3706874982,-4760293.596500684,47.60293596500684,0.8859978745722636,True
7582,,0.010598544031381607,0.0888671875,-1.9214219737797975,-41.794864393512064,4724436.570687499,0.6653730900762579,0.09415110014959387,20,,1500000.0,-3224436.570687499,32.244365706874994,0.4495013133629313,True
7616,,0.010598544031381607,0.0888671875,-1.9214219737797975,-14.150185002156718,2969615.5700135976,0.7398843701581026,0.13697261026765206,16,,1500000.0,-1469615.5700135976,14.696155700135977,0.5459706979792586,True
7650,,0.010598544031381607,0.0888671875,-1.9214219737797975,-64.01839257053578,4504287.546243298,0.9968404581916,0.5334797941091485,14,,-969615.5700135976,-5473903.1162568955,54.739031162568956,0.7206385920331752,True
7684,,0.010598544031381607,0.0888671875,-1.9214219737797975,-15.76437370940843,3124063.892429016,0.6118062930654045,0.09118094136857681,13,,1500000.0,-1624063.892429016,16.240638924290163,0.4762652148817337,True
7718,,0.010598544031381607,0.0888671875,-1.9214219737797975,-47.811591167103145,2716982.312821539,0.8832131042985136,0.09637495524334902,11,,-1124063.892429016,-3841046.205250555,38.41046205250556,0.5988708854024148,True
7752,,0.010598544031381607,0.0888671875,-1.9214219737797975,-49.57126711178059,5503458.583015914,0.7670483049288853,0.0842812896528495,18,,1500000.0,-4003458.583015914,40.034585830159145,0.4633187183785556,True
7786,,0.010598544031381607,0.0888671875,-1.9214219737797975,-49.10625791486784,5469484.922371939,0.9204222489646321,0.29388489870398143,23,,1500000.0,-3969484.922371939,39.694849223719395,0.5885913088515544,True
7820,,0.010598544031381607,0.0888671875,-1.9214219737797975,-48.834203411970584,5437232.770013598,0.9094660881466338,0.13697261026765206,22,,1500000.0,-3937232.770013598,39.37232770013598,0.5381242881653991,True
7854,,0.010598544031381607,0.0888671875,-1.9214219737797975,-32.64146065482811,3806515.392429016,0.5304370800166939,0.09420018336320754,15,,1500000.0,-2306515.392429016,23.06515392429016,0.4236932694620495,True
7888,,0.010598544031381607,0.0888671875,-1.9214219737797975,-45.494100978768074,5106840.392429016,0.9117481896630487,0.22074938987621728,19,,1500000.0,-3606840.3924290156,36.06840392429016,0.5743029455220863,True
7922,,0.010598544031381607,0.0888671875,-1.9214219737797975,-43.43460595523693,4900892.972665411,0.9462660558675394,0.15374108762427738,21,,1500000.0,-3400892.9726654114,34.00892972665412,0.5743237714171844,True
7956,,0.010598544031381607,0.0888671875,-1.9214219737797975,-31.597164119590488,3718786.6830159137,0.8169568717158491,0.2599034607030768,16,,1500000.0,-2218786.6830159137,22.187866830159138,0.5907027105686483,True
7990,,0.010598544031381607,0.0888671875,-1.9214219737797975,-40.14644054267298,4571506.892429016,0.8542521323228376,0.22376863187084803,15,,1500000.0,-3071506.8924290156,30.715068924290158,0.5686283816171757,True
8024,,0.010598544031381607,0.0888671875,-1.9214219737797975,-36.21688848763871,4174571.3726654113,0.8290581882101185,0.08410486428807037,15,,1500000.0,-2674571.3726654113,26.745713726654117,0.528825239015408,True
8058,,0.010598544031381607,0.0888671875,-1.9214219737797975,-41.56287872037446,4713907.392429016,0.9366328639940059,0.15370795016363648,19,,1500000.0,-3213907.3924290156,32.13907392429016,0.5761952039157073,True
8092,,0.010598544031381607,0.0888671875,-1.9214219737797975,-44.37093090645228,4995255.283015913,0.9372940391391011,0.1996775505477625,22,,1500000.0,-3495255.2830159133,34.952552830159135,0.5816219237068586,True
8126,,0.010598544031381607,0.0888671875,-1.9214219737797975,-55.35433820161045,6091833.77266541,0.9728212791357586,0.20566943408110708,24,,1500000.0,-4591833.77266541,45.91833772665411,0.5639995250436547,True
8160,,0.010598544031381607,0.0888671875,-1.9214219737797975,-40.84511200116691,4639506.770013598,0.9122448716717318,0.09115434727552126,20,,1500000.0,-3139506.770013598,31.395067700135982,0.5499556989690726,True
8194,,0.009192351251840591,0.06767578125,-1.89213184453547,-46.696739309461634,5223545.870687498,0.933960723898343,0.08445163887047122,22,,1500000.0,-3723545.870687498,37.23545870687498,0.5387193974133443,True
8228,,0.009192351251840591,0.06767578125,-1.89213184453547,-36.56232395152671,4216324.783015913,0.9149425913636944,0.2141895396601138,16,,1500000.0,-2716324.7830159133,27.163247830159136,0.6009238786324298,True
8262,,0.009192351251840591,0.06767578125,-1.89213184453547,-13.050635474123974,2850721.492429016,0.5469608729012787,0.08407858878449362,14,,1500000.0,-1350721.4924290162,13.507214924290162,0.45657945016618834,True
8296,,0.009192351251840591,0.06767578125,-1.89213184453547,-47.45877140901065,2956910.812821539,0.9549259401535002,0.08755484029147642,12,,-850721.4924290162,-3807632.3052505553,38.07632305250556,0.6175516434949035,True
8330,,0.009192351251840591,0.06767578125,-1.89213184453547,-18.99712104835628,3446456.3223719397,0.614525058152985,0.0911038671868476,18,,1500000.0,-1946456.3223719397,19.4645632237194,0.46744217536311694,True
8364,,0.009192351251840591,0.06767578125,-1.89213184453547,-65.2646335818421,4143516.620410976,0.9718542304690018,0.24477077047088158,14,,-1446456.3223719397,-5589972.942782916,55.899729427829165,0.63509584598705,True
8398,,0.009192351251840591,0.06767578125,-1.89213184453547,-18.089705398143963,3365290.383015914,0.8133927385646348,0.13683690732859735,15,,1500000.0,-1865290.383015914,18.65290383015914,0.5631984320151757,True
8432,,0.009192351251840591,0.06767578125,-1.89213184453547,-58.583740781331464,3569366.5182540244,0.9975479649144924,0.5775919015544854,13,,-1365290.383015914,-4934656.901269939,49.34656901269939,0.7628282313679293,True
8466,,0.009192351251840591,0.06767578125,-1.89213184453547,-31.97625649764943,3739714.1830159137,0.5257346130785926,0.0842812896528495,17,,1500000.0,-2239714.1830159137,22.39714183015914,0.42088533250970867,True
8500,,0.009192351251840591,0.06767578125,-1.89213184453547,-38.288103139067154,4387792.922371939,0.8751555358424395,0.24777543994150464,15,,1500000.0,-2887792.922371939,28.87792922371939,0.5898260846522365,True
8534,,0.009192351251840591,0.06767578125,-1.89213184453547,-12.560733017432748,2809641.9700135975,0.7415095537845859,0.08417160180023393,17,,1500000.0,-1309641.9700135975,13.096419700135977,0.5356866827032287,True
8568,,0.009192351251840591,0.06767578125,-1.89213184453547,-49.023027483973976,3152522.1462432984,0.9228168680090629,0.08723769149441594,9,,-809641.9700135975,-3962164.116256896,39.62164116256896,0.5986136785949893,True
8602,,0.009192351251840591,0.06767578125,-1.89213184453547,-36.991049276744945,4244381.672665411,0.5844701619575525,0.16383295172117415,18,,1500000.0,-2744381.6726654107,27.44381672665411,0.45276744990916473,True
8636,,0.009192351251840591,0.06767578125,-1.89213184453547,-37.52167965630642,4306090.870013597,0.8128612936624187,0.1538252748354468,21,,1500000.0,-2806090.8700135974,28.060908700135975,0.5392290438295527,True
8670,,0.009192351251840591,0.06767578125,-1.89213184453547,-12.89180720637646,2851076.5223719394,0.9004574699537918,0.1540479889157358,13,,1500000.0,-1351076.5223719394,13.510765223719394,0.6189580173429342,True
8704,,0.009192351251840591,0.06767578125,-1.89213184453547,-38.92977249921275,2115659.6204109755,0.9646925693582032,0.3886561474319366,10,,-851076.5223719394,-2966736.142782915,29.667361427829153,0.7375889286164012,True
8738,,0.009192351251840591,0.06767578125,-1.89213184453547,-29.859619758356082,3540137.992429016,0.71026866561764,0.22074938987621728,15,,1500000.0,-2040137.9924290162,20.401379924290165,0.5417601659340838,True
8772,,0.009192351251840591,0.06767578125,-1.89213184453547,-33.261830069399316,3877176.283015914,0.7463422705089158,0.10101520937340903,18,,1500000.0,-2377176.283015914,23.77176283015914,0.5099327607598229,True
8806,,0.009192351251840591,0.06767578125,-1.89213184453547,-19.099751226208205,3465970.8706874982,0.7496863726843218,0.2212681031143849,16,,1500000.0,-1965970.8706874982,19.659708706874984,0.5599574806667768,True
8840,,0.009192351251840591,0.06767578125,-1.89213184453547,-47.822255095063134,2384227.1258131857,0.9627174675297218,0.22586498707400893,10,,-1465970.8706874982,-3850197.996500684,38.50197996500684,0.6797248699437047,True
8874,,0.009192351251840591,0.06767578125,-1.89213184453547,-12.657928222238837,2818146.5223719394,0.711654980674195,0.08434816600818977,12,,1500000.0,-1318146.5223719394,13.181465223719394,0.5235370014805569,True
8908,,0.009192351251840591,0.06767578125,-1.89213184453547,-43.845118967014685,2626980.920410976,0.8965665692322293,0.0936514529485923,13,,-818146.5223719394,-3445127.442782915,34.451274427829155,0.6061554608144696,True
8942,,0.009192351251840591,0.06767578125,-1.89213184453547,-30.732468989662298,3634236.0223719394,0.8403218328828672,0.2840683497132488,15,,1500000.0,-2134236.0223719394,21.342360223719396,0.6098912340570969,True
8976,,0.009192351251840591,0.06767578125,-1.89213184453547,-37.76051008091899,4333793.870687498,0.9102193658960849,0.15417850688062326,17,,1500000.0,-2833793.870687498,28.33793870687498,0.5774286259559838,True
9010,,0.009192351251840591,0.06767578125,-1.89213184453547,-30.763553626931618,3618617.7726654112,0.5156277066962238,0.09117343140753514,17,,1500000.0,-2118617.7726654112,21.186177726654115,0.4226240997224986,True
9044,,0.009192351251840591,0.06767578125,-1.89213184453547,-35.33418528602532,4078736.0924290163,0.5803839464903529,0.15370795016363648,17,,1500000.0,-2578736.0924290163,25.787360924290166,0.45317563826485124,True
9078,,0.009192351251840591,0.06767578125,-1.89213184453547,-38.98138480941675,4451579.892429016,0.8298588671782037,0.1299853346989192,20,,1500000.0,-2951579.8924290156,29.51579892429016,0.5344141148734094,True
9112,,0.009192351251840591,0.06767578125,-1.89213184453547,-44.06628435199524,4960063.77266541,0.8633912506744417,0.13705518240546014,20,,1500000.0,-3460063.7726654103,34.60063772665411,0.5343533746588633,True
9146,,0.009192351251840591,0.06767578125,-1.89213184453547,-44.61204553089483,5022649.870013597,0.9404928354060768,0.30765055039114575,18,,1500000.0,-3522649.8700135974,35.22649870013598,0.6144531692411422,True
9180,,0.009192351251840591,0.06767578125,-1.89213184453547,-14.019148246937293,2957901.9223719393,0.8058428665051832,0.09416471499892241,15,,1500000.0,-1457901.9223719393,14.579019223719394,0.5598709767821002,True
9214,,0.009192351251840591,0.06767578125,-1.89213184453547,-62.137007275250284,4320021.120410977,0.9741640048679794,0.28349275333759444,15,,-957901.9223719393,-5277923.042782916,52.77923042782916,0.6422231525788759,True
9248,,0.009192351251840591,0.06767578125,-1.89213184453547,-34.51180460502536,4010731.783015914,0.860518821568327,0.24770135432421753,15,,1500000.0,-2510731.783015914,25.10731783015914,0.5955132251337738,True
9282,,0.009192351251840591,0.06767578125,-1.89213184453547,-18.640654198750166,3420400.292429016,0.8522358439031281,0.09118094136857681,15,,1500000.0,-1920400.292429016,19.20400292429016,0.563348725539995,True
9316,,0.009192351251840591,0.06767578125,-1.89213184453547,-56.505315828881535,3291607.6128215394,0.971642709969865,0.09018701671002997,12,,-1420400.292429016,-4712007.905250555,47.12007905250555,0.614763223624015,True
9350,,0.009192351251840591,0.06767578125,-1.89213184453547,-54.443805988636186,5995370.270013598,0.9212915561670836,0.08417160180023393,23,,1500000.0,-4495370.270013598,44.953702700135985,0.5098967114997999,True
9384,,0.009192351251840591,0.06767578125,-1.89213184453547,-40.799680554939705,4632353.570013597,0.8516820944664408,0.08417160180023393,19,,1500000.0,-3132353.5700135967,31.32353570013597,0.5238551451962657,True
9418,,0.009192351251840591,0.06767578125,-1.89213184453547,-45.083731757572274,5068221.383015914,0.9218931386674173,0.28387187951206383,19,,1500000.0,-3568221.383015914,35.68221383015914,0.5984820725868694,True
9452,,0.009192351251840591,0.06767578125,-1.89213184453547,-36.36657645983652,4188690.9706874983,0.8086507053233466,0.08445163887047122,18,,1500000.0,-2688690.9706874983,26.886909706874984,0.5203332470384565,True
9486,,0.009192351251840591,0.06767578125,-1.89213184453547,-32.184590381052914,3770489.292429016,0.7011358460202799,0.18494980578700612,16,,1500000.0,-2270489.292429016,22.70489292429016,0.5203025432372412,True
9520,,0.009192351251840591,0.06767578125,-1.89213184453547,-35.440462888051314,4097451.672665411,0.8018054337699962,0.12998661528599534,19,,1500000.0,-2597451.672665411,25.974516726654112,0.5340538386028012,True
9554,,0.009192351251840591,0.06767578125,-1.89213184453547,-44.74365206237395,5031741.083015914,0.8752641645928589,0.2599034607030768,20,,1500000.0,-3531741.083015914,35.31741083015914,0.5737587677851931,True
9588,,0.009192351251840591,0.06767578125,-1.89213184453547,-30.591520705164065,3614214.9223719393,0.8330577076157305,0.09416471499892241,15,,1500000.0,-2114214.9223719393,21.142149223719393,0.550628518555329,True
9622,,0.009192351251840591,0.06767578125,-1.89213184453547,-41.350713868340776,4691426.972665411,0.942642889738581,0.10126529550443193,21,,1500000.0,-3191426.9726654114,31.914269726654116,0.5635558583133436,True
9656,,0.009192351251840591,0.06767578125,-1.89213184453547,-17.780869859181163,3334210.5223719394,0.8061641660868308,0.13675417157094874,15,,1500000.0,-1834210.5223719394,18.342105223719397,0.5612353645382334,True
9690,,0.009192351251840591,0.06767578125,-1.89213184453547,-59.86837841411079,3714547.1204109755,0.9321167306332725,0.20090792710346964,11,,-1334210.5223719394,-5048757.642782915,50.48757642782916,0.6191980137183666,True
9724,,0.009192351251840591,0.06767578125,-1.89213184453547,-14.553248192156289,3011298.570013597,0.8043487643885154,0.10117069003274765,17,,1500000.0,-1511298.5700135971,15.112985700135972,0.5597375079796826,True
9758,,0.009192351251840591,0.06767578125,-1.89213184453547,-55.74820313847563,3629707.9462432982,0.9819202213420208,0.2680435787393281,13,,-1011298.5700135971,-4641006.516256895,46.410065162568955,0.661862024093322,True
9792,,0.009192351251840591,0.06767578125,-1.89213184453547,-43.51166321127906,4900276.27266541,0.7850838741542363,0.09117343140753514,21,,1500000.0,-3400276.2726654103,34.002762726654105,0.4910995153750454,True
9826,,0.009192351251840591,0.06767578125,-1.89213184453547,-38.010415541402764,4357733.722371939,0.930797867567506,0.09416471499892241,21,,1500000.0,-2857733.7223719386,28.57733722371939,0.5669216823166304,True
9860,,0.009192351251840591,0.06767578125,-1.89213184453547,-47.50458755123312,5302215.783015913,0.8275665486038801,0.16385585259257418,18,,1500000.0,-3802215.7830159133,38.02215783015914,0.5175702789260181,True
9894,,0.009192351251840591,0.06767578125,-1.89213184453547,-46.43522982230091,5195920.070687499,0.8558404226872605,0.13662615508606604,21,,1500000.0,-3695920.070687499,36.959200706874995,0.5239708845740839,True
9928,,0.009192351251840591,0.06767578125,-1.89213184453547,-37.37071486285298,4288170.872665411,0.7931896783214967,0.08410486428807037,18,,1500000.0,-2788170.872665411,27.88170872665411,0.5109938638011278,True
9962,,0.009192351251840591,0.06767578125,-1.89213184453547,-39.239999558507954,4479522.683015914,0.9131809604893754,0.09112298628563435,17,,1500000.0,-2979522.6830159137,29.79522683015914,0.5552272716511868,True
9996,,0.009192351251840591,0.06767578125,-1.89213184453547,-15.108290902027681,3063251.5700135976,0.7322996588604589,0.08417160180023393,15,,1500000.0,-1563251.5700135976,15.632515700135977,0.5242247981082964,True
10030,,0.009192351251840591,0.06767578125,-1.89213184453547,-50.31380376230682,3031931.0462432983,0.9267250970705773,0.2010611383389335,13,,-1063251.5700135976,-4095182.616256896,40.95182616256896,0.6380224002621477,True
10064,,0.009192351251840591,0.06767578125,-1.89213184453547,-38.00153254976401,4358085.122371939,0.8665976545498284,0.22112422798436057,17,,1500000.0,-2858085.122371939,28.580851223719392,0.5793186739553877,True
10098,,0.009192351251840591,0.06767578125,-1.89213184453547,-44.26795058074151,4982342.870013597,0.9232102969399552,0.12998986479236477,24,,1500000.0,-3482342.8700135974,34.82342870013598,0.5554781193944659,True
10132,,0.009192351251840591,0.06767578125,-1.89213184453547,-29.717901424541992,3523493.472665411,0.6524493781614441,0.2137173531852903,17,,1500000.0,-2023493.472665411,20.23493472665411,0.5170333021121166,True
10166,,0.009192351251840591,0.06767578125,-1.89213184453547,-43.266488857000944,4875195.492429016,0.6772220262375164,0.2136470372921341,18,,1500000.0,-3375195.492429016,33.75195492429017,0.485466067289223,True
10200,,0.009192351251840591,0.06767578125,-1.89213184453547,-46.40598213609228,5195207.672665411,0.8982588710928309,0.15374108762427738,18,,1500000.0,-3695207.6726654107,36.95207672665411,0.5460945905618336,True
10234,,0.009192351251840591,0.06767578125,-1.89213184453547,-33.78343473815272,3935523.792429016,0.8210180936603844,0.2136470372921341,18,,1500000.0,-2435523.792429016,24.35523792429016,0.5718031861374357,True
